City_ID,City,Lat,Lng,Max Temp,Humidity,Cloudiness,Wind Speed,Country,Date
0,ternate,0.8,127.4,27.14,78,96,1.88,ID,1674518676
1,new norfolk,-42.7826,147.0587,24.28,52,11,0.93,AU,1674518637
2,araouane,18.9048,-3.5265,19.94,15,1,4.52,ML,1674518678
3,mataura,-46.1927,168.8643,18.85,40,58,0.54,NZ,1674518678
4,jamestown,42.097,-79.2353,-0.55,72,100,4.63,US,1674518626
5,avarua,-21.2078,-159.775,28.03,74,20,2.57,CK,1674518679
6,faanui,-16.4833,-151.75,25.54,76,100,6.1,PF,1674518679
7,butaritari,3.0707,172.7902,26.85,80,88,8.3,KI,1674518680
8,lalpur,22.2,69.9667,14.7,52,0,4.48,IN,1674518680
9,tuatapere,-46.1333,167.6833,16.57,50,24,2.3,NZ,1674518681
10,chokurdakh,70.6333,147.9167,-35.21,100,92,1.34,RU,1674518681
11,nyazepetrovsk,56.0531,59.6028,-17.53,100,99,1.52,RU,1674518682
12,nikolskoye,59.7035,30.7861,-6.06,95,67,3.05,RU,1674518682
13,vardo,70.3705,31.1107,-2.01,86,0,11.32,NO,1674518683
14,okahandja,-21.9833,16.9167,18.9,84,100,6.51,NA,1674518683
15,bredasdorp,-34.5322,20.0403,17.45,75,4,3.06,ZA,1674518683
16,kodiak,57.79,-152.4072,4.73,81,100,1.54,US,1674518684
17,taoudenni,22.6783,-3.9836,17.46,22,0,3.31,ML,1674518685
18,ulaanbaatar,47.9077,106.8832,-31.01,74,16,2.53,MN,1674518498
19,luderitz,-26.6481,15.1594,16.84,84,0,5.35,NA,1674518685
20,thompson,55.7435,-97.8558,-29.02,99,34,1.38,CA,1674518686
21,albany,42.6001,-73.9662,-0.35,84,98,4.47,US,1674518603
22,souillac,-20.5167,57.5167,23.55,77,100,2.08,MU,1674518687
23,sakaiminato,35.55,133.2333,1.96,66,100,12.44,JP,1674518687
24,constitucion,-35.3333,-72.4167,15.99,92,16,3.42,CL,1674518688
25,lasa,46.6166,10.7002,0.2,96,91,1.01,IT,1674518688
26,hithadhoo,-0.6,73.0833,26.43,77,76,4.28,MV,1674518688
27,tezu,27.9167,96.1667,13.25,37,95,1.84,IN,1674518689
28,wanning,18.8003,110.3967,17.93,87,100,7.55,CN,1674518689
29,kapaa,22.0752,-159.319,27.18,74,0,3.09,US,1674518690
30,kamina,-8.7386,24.9906,16.23,89,99,1.08,CD,1674518690
31,kotelnich,58.3089,48.348,-19.05,100,100,1.52,RU,1674518691
32,rio cuarto,-33.1307,-64.3499,25.82,32,30,5.3,AR,1674518691
33,dawlatabad,36.4141,64.9053,-4.69,90,56,1.01,AF,1674518691
34,balasheyka,53.2841,48.0851,-16.64,89,47,2.09,RU,1674518692
35,vaini,-21.2,-175.2,26.91,71,98,1.55,TO,1674518693
36,rikitea,-23.1203,-134.9692,26.43,74,19,7.81,PF,1674518693
37,port-gentil,-0.7193,8.7815,27.35,78,100,3.88,GA,1674518693
38,hobyo,5.3505,48.5268,24.45,78,15,9.93,SO,1674518694
39,ushuaia,-54.8,-68.3,8.81,93,100,8.23,AR,1674518694
40,punta arenas,-53.15,-70.9167,13.06,50,0,10.29,CL,1674518621
41,noumea,-22.2763,166.4572,29.99,99,94,2.2,NC,1674518467
42,cherskiy,68.75,161.3,-26.68,94,100,2.01,RU,1674518695
43,provideniya,64.3833,-173.3,-14.94,61,20,7.0,RU,1674518695
44,katherine,-14.4667,132.2667,29.18,70,97,5.66,AU,1674518696
45,rio gallegos,-51.6226,-69.2181,15.5,34,100,10.32,AR,1674518696
46,san cristobal,7.7669,-72.225,18.97,87,76,1.35,VE,1674518697
47,meiktila,20.8667,95.8667,14.86,47,60,3.1,MM,1674518697
48,kodinsk,58.6881,99.1844,-23.43,99,100,1.11,RU,1674518698
49,zeya,53.75,127.2667,-33.37,95,100,1.18,RU,1674518698
50,malindi,-3.2175,40.1191,24.96,84,98,4.02,KE,1674518699
51,kudahuvadhoo,2.6708,72.8944,26.42,72,97,1.57,MV,1674518699
52,busselton,-33.65,115.3333,21.71,64,0,7.57,AU,1674518699
53,saint anthony,45.0205,-93.218,-0.04,90,100,2.57,US,1674518700
54,gagino,55.2314,45.0339,-16.28,96,100,2.23,RU,1674518700
55,gimli,50.6336,-96.9907,-17.71,97,92,2.45,CA,1674518435
56,ngunguru,-35.6167,174.5,20.31,78,97,5.25,NZ,1674518701
57,yellowknife,62.456,-114.3525,-18.2,97,100,3.52,CA,1674518438
58,castro,-24.7911,-50.0119,17.34,90,52,1.45,BR,1674518702
59,hilo,19.7297,-155.09,28.49,75,75,6.17,US,1674518680
60,yulara,-25.2406,130.9889,28.5,25,14,6.52,AU,1674518703
61,barrow,71.2906,-156.7887,-21.99,84,100,6.69,US,1674518703
62,lagoa,39.05,-27.9833,14.92,79,82,12.58,PT,1674518704
63,yugorsk,61.3133,63.3319,-12.65,93,30,2.54,RU,1674518704
64,saint george,37.1041,-113.5841,7.33,36,0,2.68,US,1674518413
65,sao filipe,14.8961,-24.4956,21.25,63,23,3.08,CV,1674518705
66,alice springs,-23.7,133.8833,31.75,40,51,3.09,AU,1674518706
67,bambous virieux,-20.3428,57.7575,24.01,75,100,0.57,MU,1674518706
68,grand-lahou,5.1367,-5.0242,26.51,85,61,4.0,CI,1674518707
69,bundaberg,-24.85,152.35,27.88,57,3,2.89,AU,1674518707
70,praia da vitoria,38.7333,-27.0667,14.86,87,98,9.54,PT,1674518708
71,dikson,73.5069,80.5464,-24.52,84,100,14.7,RU,1674518709
72,micheweni,-4.9667,39.8333,26.68,81,100,4.3,TZ,1674518709
73,tartus,34.889,35.8866,14.44,61,0,3.69,SY,1674518710
74,aktas,49.7789,72.9608,-16.14,100,97,0.75,KZ,1674518710
75,nabire,-3.3667,135.4833,25.69,86,100,1.19,ID,1674518710
76,auki,-8.7676,160.7034,25.86,85,100,0.52,SB,1674518711
77,nakamura,32.9833,132.9333,6.7,87,47,3.67,JP,1674518712
78,kifri,34.6959,44.9661,9.48,45,0,4.05,IQ,1674518712
79,palu,-0.8917,119.8707,26.59,83,100,0.65,ID,1674518713
80,sechura,-5.5569,-80.8222,23.29,68,28,5.21,PE,1674518713
81,lebu,-37.6167,-73.65,17.82,88,23,3.32,CL,1674518714
82,dwarka,22.2394,68.9678,18.16,47,0,7.42,IN,1674518714
83,anadyr,64.75,177.4833,-20.72,65,0,4.0,RU,1674518475
84,tasiilaq,65.6145,-37.6368,-3.91,69,100,2.62,GL,1674518715
85,east liverpool,40.6187,-80.5773,0.96,93,100,4.41,US,1674518715
86,dawson creek,55.7666,-120.2362,4.38,65,82,8.54,CA,1674518716
87,san patricio,28.017,-97.5169,17.92,63,93,7.57,US,1674518716
88,ilulissat,69.2167,-51.1,-9.99,79,100,0.0,GL,1674518717
89,iqaluit,63.7506,-68.5145,-27.15,97,97,1.06,CA,1674518524
90,marsa matruh,31.3525,27.2453,15.79,73,0,3.54,EG,1674518717
91,akdagmadeni,39.6603,35.8836,0.79,70,36,0.41,TR,1674518718
92,spencer,43.1414,-95.1444,-0.7,85,20,5.14,US,1674518718
93,cape town,-33.9258,18.4232,21.88,71,4,1.79,ZA,1674518719
94,nanortalik,60.1432,-45.2371,-0.6,69,100,3.51,GL,1674518719
95,hobart,-42.8794,147.3294,23.92,59,20,2.57,AU,1674518428
96,nampula,-15.1165,39.2666,20.51,96,100,3.45,MZ,1674518424
97,east london,-33.0153,27.9116,24.95,82,26,4.49,ZA,1674518600
98,port elizabeth,-33.918,25.5701,23.16,87,0,10.8,ZA,1674518721
99,marabba,12.35,32.1833,23.22,33,14,5.58,SD,1674518722
100,luanda,-8.8368,13.2343,25.86,79,100,1.48,AO,1674518672
101,fort nelson,58.8053,-122.7002,-7.47,97,97,0.7,CA,1674518723
102,loviisa,60.4566,26.2251,-0.95,87,85,6.21,FI,1674518724
103,fortuna,40.5982,-124.1573,14.19,75,0,5.66,US,1674518724
104,bluff,-46.6,168.3333,13.46,56,54,3.3,NZ,1674518725
105,naze,28.3667,129.4833,13.02,79,93,12.38,JP,1674518726
106,kaitangata,-46.2817,169.8464,15.74,52,44,3.71,NZ,1674518726
107,santa cruz de la palma,28.6835,-17.7642,18.08,59,75,4.63,ES,1674518727
108,synya,65.3718,58.0387,-7.4,92,100,5.58,RU,1674518727
109,muli,2.9167,73.5667,26.32,73,69,1.83,MV,1674518728
110,plouzane,48.3833,-4.6167,4.03,90,100,2.06,FR,1674518728
111,puerto ayora,-0.7393,-90.3518,24.19,95,57,4.02,EC,1674518729
112,adrar,20.5022,-10.0711,18.0,15,0,4.21,MR,1674518730
113,solnechnyy,50.7214,136.6319,-33.21,96,100,0.29,RU,1674518730
114,khuzhir,53.1939,107.3397,-26.37,95,100,4.99,RU,1674518731
115,saskylakh,71.9167,114.0833,-21.29,80,100,1.74,RU,1674518731
116,georgetown,5.4112,100.3354,25.96,94,20,0.0,MY,1674518732
117,namibe,-15.1961,12.1522,23.0,84,99,1.32,AO,1674518732
118,periam,46.05,20.8667,5.1,82,97,1.83,RO,1674518733
119,kiunga,-6.1219,141.2906,24.33,91,100,0.4,PG,1674518733
120,khatanga,71.9667,102.5,-41.2,95,58,2.49,RU,1674518734
121,puerto escondido,15.85,-97.0667,27.46,69,0,2.57,MX,1674518734
122,airai,-8.9266,125.4092,18.2,79,100,0.82,TL,1674518735
123,ahipara,-35.1667,173.1667,22.48,66,100,2.07,NZ,1674518736
124,vila,42.0304,-8.1588,0.49,82,7,2.49,PT,1674518736
125,meulaboh,4.1363,96.1285,23.64,93,100,4.41,ID,1674518736
126,walvis bay,-22.9575,14.5053,18.59,82,62,4.42,NA,1674518737
127,masindi,1.6744,31.715,21.24,48,100,1.09,UG,1674518737
128,gannan,47.9147,123.5031,-28.09,80,13,3.24,CN,1674518738
129,norman wells,65.282,-126.8329,-20.66,99,100,1.0,CA,1674518738
130,caibarien,22.5206,-79.4669,25.62,84,1,4.47,CU,1674518739
131,isangel,-19.55,169.2667,29.69,71,60,3.5,VU,1674518739
132,miravci,41.3078,22.435,7.79,93,97,1.24,MK,1674518740
133,alexandria,31.2156,29.9553,16.08,72,0,4.22,EG,1674518528
134,portel,-1.9356,-50.8211,23.32,95,87,2.38,BR,1674518740
135,margate,51.3813,1.3862,5.5,79,100,2.24,GB,1674518505
136,namatanai,-3.6667,152.4333,29.39,67,65,3.6,PG,1674518741
137,beloha,-25.1667,45.05,23.86,80,100,7.67,MG,1674518741
138,port hawkesbury,45.6169,-61.3485,8.51,100,100,2.06,CA,1674518458
139,morristown,36.214,-83.2949,2.9,75,40,0.0,US,1674518742
140,san andres,12.5847,-81.7006,28.01,74,20,7.72,CO,1674518743
141,marienburg,54.0359,19.0266,-0.06,88,9,0.44,PL,1674518743
142,husavik,66.0449,-17.3389,-3.62,61,100,4.42,IS,1674518744
143,ambagarh chauki,20.7833,80.7167,15.48,46,7,2.3,IN,1674518744
144,pauini,-7.7136,-66.9764,22.24,98,100,0.63,BR,1674518745
145,priamurskiy,48.5217,134.9028,-34.77,99,97,0.18,RU,1674518745
146,haines junction,60.7522,-137.5108,-3.56,96,100,1.33,CA,1674518746
147,chuy,-33.6971,-53.4616,19.44,68,0,3.62,UY,1674518746
148,wanparti,16.3667,78.0667,18.0,80,31,2.03,IN,1674518747
149,havelock,34.8791,-76.9013,9.99,62,21,2.24,US,1674518747
150,half moon bay,37.4636,-122.4286,15.99,46,0,5.66,US,1674518552
151,maragogi,-9.0122,-35.2225,25.98,79,21,3.86,BR,1674518748
152,cabo san lucas,22.8909,-109.9124,24.78,62,39,4.47,MX,1674518481
153,chara,56.9064,118.2631,-35.68,86,78,0.22,RU,1674518748
154,vanimo,-2.6741,141.3028,24.75,91,100,0.07,PG,1674518749
155,bolgar,54.95,49.0667,-16.45,96,16,1.89,RU,1674518749
156,guerrero negro,27.9769,-114.0611,15.73,43,70,3.97,MX,1674518750
157,lata,40.1629,-8.3327,4.4,62,1,2.11,PT,1674518750
158,ribeira grande,38.5167,-28.7,16.54,76,94,10.28,PT,1674518750
159,chanika,-5.4167,38.0167,19.82,98,100,1.18,TZ,1674518751
160,pisco,-13.7,-76.2167,23.03,78,40,9.26,PE,1674518751
161,dongsheng,39.8161,109.9776,-22.54,55,0,2.56,CN,1674518752
162,esperance,-33.8667,121.9,21.98,50,0,3.43,AU,1674518752
163,te anau,-45.4167,167.7167,15.99,54,15,1.36,NZ,1674518519
164,bonavista,48.6499,-53.1147,1.14,91,100,8.51,CA,1674518753
165,shakawe,-18.3667,21.85,19.93,89,70,1.5,BW,1674518753
166,imbituba,-28.24,-48.6703,23.27,90,39,1.03,BR,1674518621
167,guaymas,27.9333,-110.9,15.81,28,31,7.36,MX,1674518562
168,nizwa,22.9333,57.5333,14.08,75,88,1.3,OM,1674518754
169,ponta do sol,32.6667,-17.1,16.67,66,7,3.64,PT,1674518755
170,biu,10.6129,12.1946,21.29,21,37,2.66,NG,1674518755
171,kahului,20.8947,-156.47,27.13,79,21,1.34,US,1674518486
172,imamoglu,37.2651,35.6572,7.84,53,0,1.77,TR,1674518756
173,kristiansund,63.1115,7.732,8.36,81,100,6.69,NO,1674518756
174,balkhash,46.844,74.9804,-15.84,87,91,1.27,KZ,1674518756
175,weatherford,32.7593,-97.7972,10.13,45,5,0.89,US,1674518757
176,zhigansk,66.7697,123.3711,-41.34,97,100,2.83,RU,1674518757
177,hermanus,-34.4187,19.2345,19.33,80,0,5.42,ZA,1674518758
178,shitanjing,39.2342,106.3439,-20.85,63,0,3.75,CN,1674518758
179,arbazh,57.6804,48.3065,-18.32,100,100,1.51,RU,1674518759
180,tual,-5.6667,132.75,28.06,76,100,6.0,ID,1674518759
181,seymchan,62.8833,152.4333,-32.63,97,100,0.62,RU,1674518759
182,egvekinot,66.3167,-179.1667,-26.24,81,14,5.67,RU,1674518760
183,griffith,41.5284,-87.4237,-0.39,81,0,5.14,US,1674518760
184,cibakhaza,46.9598,20.1975,6.18,91,75,1.03,HU,1674518761
185,port alfred,-33.5906,26.891,24.54,81,33,2.68,ZA,1674518761
186,geraldton,-28.7667,114.6,23.23,78,100,5.66,AU,1674518762
187,xiuyan,40.2928,123.2744,-20.42,40,4,7.31,CN,1674518763
188,mehran,33.1222,46.1646,11.8,50,1,1.38,IR,1674518763
189,kiama,-34.6833,150.8667,26.99,65,74,2.24,AU,1674518764
190,talnakh,69.4865,88.3972,-32.0,93,20,2.7,RU,1674518764
191,fairbanks,64.8378,-147.7164,-21.33,78,100,0.0,US,1674518612
192,comodoro rivadavia,-45.8667,-67.5,25.43,36,32,4.75,AR,1674518766
193,carnarvon,-24.8667,113.6333,25.04,72,16,4.5,AU,1674518766
194,motril,36.7507,-3.5179,9.59,75,64,0.25,ES,1674518688
195,san quintin,30.4833,-115.95,14.19,34,0,4.43,MX,1674518767
196,dukat,62.55,155.55,-30.39,96,100,1.75,RU,1674518767
197,sepolno krajenskie,53.452,17.5317,-1.25,97,9,1.29,PL,1674518768
198,cumberland,35.0502,-78.8664,9.16,52,0,3.09,US,1674518768
199,vitim,59.4511,112.5578,-35.23,95,92,1.29,RU,1674518769
200,tilichiki,60.4667,166.1,-18.7,90,100,5.78,RU,1674518769
201,beringovskiy,63.05,179.3167,-22.51,95,100,6.12,RU,1674518770
202,fare,-16.7,-151.0167,25.45,80,100,3.98,PF,1674518770
203,klaksvik,62.2266,-6.589,5.51,98,100,7.85,FO,1674518771
204,mangaluru,12.8667,74.8833,24.48,78,19,2.06,IN,1674518771
205,cockburn town,21.4612,-71.1419,25.49,79,0,8.64,TC,1674518772
206,yumen,40.2833,97.2,-17.61,50,3,0.7,CN,1674518772
207,urengoy,65.9667,78.3667,-36.78,100,11,2.29,RU,1674518773
208,arraial do cabo,-22.9661,-42.0278,23.02,90,96,4.16,BR,1674518773
209,praia,14.9215,-23.5087,20.3,73,20,5.14,CV,1674518773
210,jalu,29.0331,21.5482,11.7,56,0,4.22,LY,1674518774
211,havre-saint-pierre,50.2334,-63.5986,-5.55,86,94,5.69,CA,1674518774
212,chunskiy,56.0815,99.6342,-21.24,99,100,1.16,RU,1674518775
213,port augusta,-32.5,137.7667,27.38,40,0,5.08,AU,1674518775
214,bengkulu,-3.8004,102.2655,23.15,91,100,1.68,ID,1674518776
215,upernavik,72.7868,-56.1549,-23.07,98,96,2.26,GL,1674518776
216,sungairaya,0.7,108.9,24.43,88,100,0.88,ID,1674518777
217,fengzhen,40.4394,113.1536,-25.38,54,0,1.26,CN,1674518777
218,hamilton,39.1834,-84.5333,1.16,81,100,3.6,US,1674518532
219,narsaq,60.9167,-46.05,-9.88,73,100,1.85,GL,1674518778
220,mezen,65.8522,44.24,-9.4,86,9,5.07,RU,1674518779
221,hami,42.8,93.45,-13.51,39,0,1.74,CN,1674518779
222,malakal,9.5334,31.6605,24.78,26,46,2.42,SS,1674518780
223,qaanaaq,77.484,-69.3632,-24.07,68,55,1.74,GL,1674518780
224,itarema,-2.9248,-39.9167,25.66,81,90,3.81,BR,1674518781
225,coihaique,-45.5752,-72.0662,13.34,54,0,4.12,CL,1674518782
226,faya,18.3851,42.4509,11.29,75,1,0.37,SA,1674518782
227,ranong,9.9658,98.6348,23.53,68,93,1.88,TH,1674518782
228,pangody,65.85,74.4859,-33.04,97,28,3.09,RU,1674518783
229,bakchar,57.0186,82.0711,-12.26,95,100,2.89,RU,1674518783
230,mindelo,16.8901,-24.9804,20.56,65,0,5.39,CV,1674518784
231,atar,20.5169,-13.0499,19.7,15,1,3.65,MR,1674518784
232,general pico,-35.6566,-63.7568,27.02,36,0,5.11,AR,1674518562
233,matara,5.9485,80.5353,23.48,88,100,4.22,LK,1674518785
234,arlit,18.7369,7.3853,21.74,13,2,1.92,NE,1674518786
235,parczew,51.6402,22.9006,3.34,89,21,2.14,PL,1674518787
236,mount gambier,-37.8333,140.7667,20.98,59,85,3.37,AU,1674518787
237,mar del plata,-38.0023,-57.5575,19.41,73,0,1.34,AR,1674518685
238,ralivka,49.5005,23.2406,1.61,94,71,3.05,UA,1674518788
239,aginskoye,51.1,114.53,-33.83,88,3,2.15,RU,1674518789
240,flinders,-34.5833,150.8552,26.88,67,70,3.58,AU,1674518789
241,teknaf,20.8624,92.3058,17.24,62,17,2.69,BD,1674518789
242,bafra,41.5678,35.9069,11.01,77,88,1.84,TR,1674518790
243,boffa,10.1667,-14.0333,23.61,85,50,2.03,GN,1674518790
244,union,40.6334,-74.2663,4.04,72,100,9.26,US,1674518791
245,severo-kurilsk,50.6789,156.125,-6.74,71,88,11.43,RU,1674518791
246,puerto leguizamo,-0.1934,-74.7819,24.11,76,79,0.99,CO,1674518791
247,alamosa,37.4695,-105.87,-2.01,64,100,2.06,US,1674518727
248,sao felix do xingu,-6.6447,-51.995,22.44,96,94,0.52,BR,1674518792
249,biloela,-24.4167,150.5,28.44,55,4,1.31,AU,1674518793
250,sioux lookout,50.1001,-91.917,-12.18,93,98,2.97,CA,1674518793
251,nouadhibou,20.931,-17.0347,17.83,75,0,8.45,MR,1674518794
252,alofi,-19.0595,-169.9187,26.89,73,11,2.08,NU,1674518794
253,nuuk,64.1835,-51.7216,-1.18,58,100,7.6,GL,1674518794
254,seoul,37.5683,126.9778,-15.31,35,1,7.87,KR,1674518627
255,kavieng,-2.5744,150.7967,28.61,76,78,6.15,PG,1674518795
256,pevek,69.7008,170.3133,-28.49,84,83,0.88,RU,1674518796
257,barranca,-10.75,-77.7667,22.38,74,36,3.57,PE,1674518796
258,cap estate,14.0833,-60.95,25.81,69,20,4.63,LC,1674518796
259,atuona,-9.8,-139.0333,25.91,78,16,7.93,PF,1674518671
260,port lincoln,-34.7333,135.8667,19.84,69,15,6.22,AU,1674518797
261,bongandanga,1.5,21.05,24.65,38,100,0.42,CD,1674518798
262,north bend,43.4065,-124.2243,10.65,82,0,4.63,US,1674518798
263,mweka,-4.85,21.5667,19.44,97,99,0.59,CD,1674518798
264,nome,64.5011,-165.4064,-20.96,71,0,0.0,US,1674518799
265,mount isa,-20.7333,139.5,31.87,45,72,2.57,AU,1674518799
266,muzhi,65.3667,64.6667,-6.68,89,99,2.65,RU,1674518800
267,saint-augustin,51.226,-58.6502,-8.26,92,81,2.85,CA,1674518801
268,olafsvik,64.8945,-23.7142,-0.19,80,100,7.12,IS,1674518801
269,codrington,-38.2667,141.9667,20.88,69,99,4.06,AU,1674518801
270,mogocha,53.7333,119.7667,-36.03,96,78,1.51,RU,1674518802
271,bilibino,68.0546,166.4372,-23.06,86,100,1.72,RU,1674518802
272,ust-nera,64.5667,143.2,-34.91,100,100,0.64,RU,1674518803
273,grants pass,42.439,-123.3284,9.46,65,0,4.12,US,1674518692
274,nelson bay,-32.7167,152.15,26.72,81,58,1.79,AU,1674518804
275,huarmey,-10.0681,-78.1522,22.18,77,30,3.75,PE,1674518804
276,jian,27.1172,114.9793,4.37,79,69,5.41,CN,1674518805
277,inhambane,-23.865,35.3833,25.88,75,78,4.74,MZ,1674518805
278,mlonggo,-6.5333,110.7,26.21,85,100,1.2,ID,1674518806
279,clyde river,70.4692,-68.5914,-35.96,95,68,1.74,CA,1674518806
280,northam,51.0333,-4.2167,1.33,87,48,1.92,GB,1674518806
281,bend,44.0582,-121.3153,8.6,54,0,0.45,US,1674518612
282,fukue,32.6881,128.8419,2.36,88,99,17.04,JP,1674518807
283,claremore,36.3126,-95.6161,7.28,62,0,0.0,US,1674518797
284,touros,-5.1989,-35.4608,26.6,79,19,4.67,BR,1674518808
285,hays,30.0502,-98.0336,13.08,42,67,2.68,US,1674518793
286,ginda,30.6945,78.4932,4.87,20,94,2.78,IN,1674518808
287,daru,-9.0763,143.2092,27.77,82,100,2.6,PG,1674518809
288,tiznit,29.5833,-9.5,11.97,47,0,1.3,MA,1674518809
289,sitka,57.0531,-135.33,6.94,81,100,2.06,US,1674518810
290,itoman,26.1247,127.6694,17.01,77,75,16.98,JP,1674518810
291,stornoway,58.2093,-6.3865,9.98,94,100,5.66,GB,1674518811
292,portland,45.5234,-122.6762,9.91,75,75,3.09,US,1674518786
293,culiacan,24.7994,-107.3897,22.31,60,40,6.17,MX,1674518742
294,koulikoro,14.0,-7.75,23.4,18,2,2.83,ML,1674518812
295,sungaipenuh,-2.0833,101.3833,17.78,97,100,0.63,ID,1674518812
296,marawi,7.9986,124.2928,20.37,95,100,0.7,PH,1674518812
297,husainabad,24.5333,84.0167,15.55,64,7,1.46,IN,1674518813
298,hofn,64.2539,-15.2082,0.76,67,100,2.46,IS,1674518813
299,blagoyevo,63.3667,47.9167,-7.4,93,99,4.16,RU,1674518814
300,benghazi,32.1167,20.0667,14.28,44,0,4.09,LY,1674518814
301,ereymentau,51.6199,73.1033,-17.87,98,100,2.74,KZ,1674518815
302,walpole,42.1418,-71.2495,1.06,95,100,0.89,US,1674518815
303,victoria,22.2855,114.1577,14.58,55,99,12.07,HK,1674518589
304,sao joaquim,-28.2939,-49.9317,13.48,98,49,1.36,BR,1674518816
305,cururupu,-1.8283,-44.8683,23.11,97,100,1.5,BR,1674518816
306,klyuchi,52.2667,79.1667,-14.33,96,97,3.29,RU,1674518817
307,gillette,44.2911,-105.5022,-1.1,72,0,5.14,US,1674518817
308,upata,8.0086,-62.3989,25.11,82,70,2.47,VE,1674518818
309,parana,-31.732,-60.5238,31.43,60,0,2.33,AR,1674518818
310,tuktoyaktuk,69.4541,-133.0374,-24.0,77,75,3.6,CA,1674518819
311,itaituba,-4.2761,-55.9836,23.57,95,69,0.35,BR,1674518819
312,ife,7.4667,4.5667,22.52,90,37,0.67,NG,1674518820
313,concordia,-31.393,-58.0209,28.96,28,2,3.76,AR,1674518820
314,xichang,27.8964,102.2634,-1.84,77,13,1.07,CN,1674518821
315,katsuura,35.1333,140.3,6.91,87,100,1.87,JP,1674518821
316,arawa,-6.2132,155.5367,29.72,67,93,2.16,PG,1674518822
317,sosnovo,60.5514,30.2144,0.14,89,100,4.48,RU,1674518822
318,vestmannaeyjar,63.4427,-20.2734,4.37,86,100,11.61,IS,1674518823
319,timmins,48.4669,-81.3331,-3.1,93,100,3.6,CA,1674518586
320,vila velha,-20.3297,-40.2925,26.64,91,75,2.24,BR,1674518824
321,kapit,2.0167,112.9333,23.49,98,100,0.08,MY,1674518824
322,pueblo,38.2545,-104.6091,2.42,62,0,4.63,US,1674518596
323,southbridge,42.0751,-72.0334,0.59,98,100,4.96,US,1674518825
324,sampit,-2.5333,112.95,24.59,92,100,1.04,ID,1674518825
325,pontes e lacerda,-15.2261,-59.3353,23.83,87,31,1.18,BR,1674518826
326,preobrazheniye,42.9019,133.9064,-23.38,67,14,3.85,RU,1674518827
327,juneau,58.3019,-134.4197,5.68,97,100,3.09,US,1674518792
328,saryozek,44.3583,77.9753,-17.53,81,0,2.55,KZ,1674518827
329,bethel,41.3712,-73.414,2.23,84,100,3.09,US,1674518828
330,oistins,13.0667,-59.5333,26.05,73,75,9.26,BB,1674518828
331,paracuru,-3.41,-39.0306,27.28,82,37,3.3,BR,1674518829
332,lompoc,34.6391,-120.4579,16.12,56,0,4.47,US,1674518829
333,rognan,67.0953,15.3878,4.08,87,100,4.95,NO,1674518830
334,plettenberg bay,-34.0527,23.3716,20.61,88,39,4.88,ZA,1674518830
335,forestville,38.8451,-76.875,5.17,63,100,5.66,US,1674518793
336,freeport,40.6576,-73.5832,3.99,75,75,11.32,US,1674518680
337,ostrovnoy,68.0531,39.5131,-3.84,90,100,11.91,RU,1674518831
338,torbay,47.6666,-52.7314,2.37,94,100,1.79,CA,1674518832
339,honiara,-9.4333,159.95,28.27,74,94,1.4,SB,1674518832
340,taiyuan,37.8694,112.5603,-18.08,20,0,4.0,CN,1674518832
341,abbeville,50.1,1.8333,2.98,94,58,3.28,FR,1674518833
342,san carlos de bariloche,-41.1456,-71.3082,19.86,40,75,10.29,AR,1674518833
343,lorengau,-2.0226,147.2712,26.44,83,100,2.41,PG,1674518834
344,ancud,-41.8697,-73.8203,13.1,95,82,6.68,CL,1674518688
345,silver city,32.7701,-108.2803,-0.05,62,100,3.13,US,1674518835
346,pouebo,-20.4,164.5667,29.34,69,75,1.06,NC,1674518835
347,nishihara,26.1842,127.7558,16.6,77,75,16.98,JP,1674518836
348,lerwick,60.1545,-1.1494,9.0,97,100,8.57,GB,1674518750
349,longyearbyen,78.2186,15.6401,-3.09,80,75,2.06,SJ,1674518591
350,mahebourg,-20.4081,57.7,24.03,76,100,1.23,MU,1674518837
351,guadalupe victoria,32.2869,-115.105,17.19,17,0,7.82,MX,1674518837
352,banyo,6.75,11.8167,20.09,26,78,1.07,CM,1674518838
353,vari,37.8312,23.8081,13.12,85,13,3.71,GR,1674518838
354,suntar,62.1444,117.6319,-30.38,91,100,3.08,RU,1674518839
355,evensk,61.95,159.2333,-13.09,70,100,10.23,RU,1674518839
356,mehamn,71.0357,27.8492,-0.03,86,75,9.77,NO,1674518840
357,verkhoyansk,67.5447,133.385,-45.0,99,100,0.14,RU,1674518840
358,hovd,48.0056,91.6419,-22.75,80,100,0.46,MN,1674518841
359,safford,32.834,-109.7076,5.51,57,0,4.12,US,1674518629
360,mananara,-16.1667,49.7667,23.65,89,100,1.62,MG,1674518841
361,grandview,38.8858,-94.533,3.84,75,0,3.6,US,1674518842
362,vawkavysk,53.1561,24.4513,0.44,99,98,1.29,BY,1674518728
363,bodden town,19.2833,-81.25,27.0,79,20,3.6,KY,1674518843
364,alcaniz,41.05,-0.1333,-0.33,72,66,5.33,ES,1674518843
365,la sarre,48.8002,-79.1996,-2.36,88,100,4.44,CA,1674518844
366,dinguiraye,11.3,-10.7167,27.61,22,34,1.85,GN,1674518844
367,monroe,43.1501,-77.6831,0.25,90,100,4.12,US,1674518643
368,naron,43.5167,-8.1528,10.33,74,37,5.56,ES,1674518845
369,akdepe,42.0551,59.3788,-6.05,37,0,3.43,TM,1674518845
370,yamethin,20.4333,96.15,15.39,48,41,1.86,MM,1674518846
371,bluefield,37.2698,-81.2223,-0.52,84,100,5.66,US,1674518847
372,mizan teferi,6.9833,35.5833,19.75,49,39,1.16,ET,1674518847
373,bhinmal,25.0,72.25,11.8,51,0,3.1,IN,1674518848
374,sayyan,15.1718,44.3244,9.33,35,2,1.3,YE,1674518848
375,sanming,26.2486,117.6186,7.44,91,100,1.61,CN,1674518849
376,chicama,-7.8447,-79.1469,20.3,65,30,3.2,PE,1674518850
377,grahamstown,-33.3042,26.5328,21.08,87,33,5.25,ZA,1674518850
378,fairview,40.8126,-73.999,3.46,72,100,10.29,US,1674518743
379,maningrida,-12.0667,134.2667,27.47,83,100,3.26,AU,1674518851
380,gusau,12.1628,6.6614,22.85,15,96,4.0,NG,1674518852
381,port hardy,50.6996,-127.4199,6.13,86,100,4.46,CA,1674518852
382,kaupanger,61.1845,7.2404,3.54,99,100,1.19,NO,1674518853
383,kumo,10.0447,11.2122,23.72,20,46,3.39,NG,1674518853
384,amazar,53.858,120.875,-33.13,95,100,1.43,RU,1674518853
385,mapiripan,2.8892,-72.1256,27.63,57,98,3.52,CO,1674518854
386,jamsa,61.8642,25.19,-3.25,95,100,4.35,FI,1674518854
387,borovoy,55.4333,86.0833,-11.4,85,100,4.0,RU,1674518855
388,richards bay,-28.783,32.0377,22.95,91,2,4.16,ZA,1674518855
389,cidreira,-30.1811,-50.2056,24.36,78,22,5.58,BR,1674518856
390,dunda,-8.1167,34.25,17.67,93,100,1.08,TZ,1674518856
391,aklavik,68.2191,-135.0107,-23.52,97,100,4.19,CA,1674518856
392,yenagoa,4.9247,6.2642,26.33,82,4,1.7,NG,1674518857
393,azle,32.8951,-97.5459,10.86,47,75,4.12,US,1674518621
394,maceio,-9.6658,-35.7353,26.32,81,2,4.72,BR,1674518857
395,lesnoye,58.2841,35.5158,-7.35,94,96,3.2,RU,1674518858
396,cayenne,4.9333,-52.3333,25.02,83,20,4.63,GF,1674518858
397,tevriz,57.509,72.4042,-16.0,98,65,2.5,RU,1674518859
398,nea kerasia,40.4757,22.8689,12.66,67,40,10.29,GR,1674518859
399,solenzo,12.1833,-4.0833,28.41,17,0,0.38,BF,1674518860
400,matipo,-20.2839,-42.3411,21.09,94,100,1.21,BR,1674518860
401,del rio,29.3627,-100.8968,16.06,44,100,8.75,US,1674518860
402,mahibadhoo,3.7833,72.9667,26.15,78,98,5.31,MV,1674518861
403,goderich,43.7501,-81.7165,1.06,74,98,9.47,CA,1674518861
404,westport,41.1415,-73.3579,3.09,86,100,4.12,US,1674518862
405,siteki,-26.45,31.95,17.74,97,70,0.9,SZ,1674518862
406,mantamados,39.3117,26.3339,9.81,78,10,2.67,GR,1674518863
407,am timan,11.0297,20.2827,24.98,17,98,3.03,TD,1674518863
408,glogow,51.6636,16.0845,0.91,89,100,2.65,PL,1674518864
409,veinticinco de mayo,-35.4323,-60.1727,24.99,58,0,2.86,AR,1674518864
410,nadadores,27.05,-101.6,19.38,42,75,3.6,MX,1674518865
411,urusha,54.05,122.9,-31.6,93,100,1.76,RU,1674518865
412,kruisfontein,-34.0033,24.7314,20.73,84,65,7.88,ZA,1674518866
413,pochutla,15.7432,-96.4661,28.9,64,8,2.06,MX,1674518866
414,oga,46.4631,10.347,-3.87,97,99,1.62,IT,1674518867
415,caucaia,-3.7361,-38.6531,27.24,77,38,2.75,BR,1674518867
416,mashhad,36.297,59.6062,-3.92,80,40,4.12,IR,1674518867
417,padang,-0.9492,100.3543,22.03,92,100,2.42,ID,1674518868
418,beyneu,45.3167,55.2,-3.07,33,82,2.95,KZ,1674518868
419,port keats,-14.25,129.55,28.62,64,95,3.52,AU,1674518869
420,sur,22.5667,59.5289,19.38,46,43,5.08,OM,1674518869
421,dunedin,-45.8742,170.5036,17.11,60,66,1.79,NZ,1674518634
422,cuiluan,47.72,128.648,-31.86,93,100,2.63,CN,1674518870
423,north platte,41.1239,-100.7654,1.18,86,100,0.0,US,1674518870
424,edinburg,55.9521,-3.1965,8.39,88,40,4.63,GB,1674518772
425,latung,5.5,120.8833,26.85,77,100,3.34,PH,1674518871
426,saint john,45.2727,-66.0677,-1.43,93,100,9.77,CA,1674518742
427,dharampuri,22.1667,75.35,17.0,46,35,2.19,IN,1674518871
428,tiksi,71.6872,128.8694,-35.98,100,78,1.44,RU,1674518872
429,bima,-8.4667,118.7167,26.4,84,98,1.31,ID,1674518872
430,samarai,-10.6167,150.6667,28.87,74,82,6.29,PG,1674518873
431,mogwase,-25.185,27.2665,19.55,49,1,0.61,ZA,1674518873
432,jieshi,22.8134,115.8257,12.37,67,99,8.42,CN,1674518873
433,bathsheba,13.2167,-59.5167,26.34,73,75,9.26,BB,1674518874
434,honningsvag,70.9821,25.9704,-0.14,86,75,10.29,NO,1674518874
435,krasnoselkup,65.7,82.4667,-31.57,99,19,3.36,RU,1674518875
436,salinopolis,-0.6136,-47.3561,25.76,83,100,5.72,BR,1674518875
437,banepa,27.6298,85.5214,6.18,75,20,2.06,NP,1674518876
438,gazli,40.1333,63.45,-6.36,80,0,1.6,UZ,1674518876
439,puerto madryn,-42.7692,-65.0385,25.37,42,0,9.87,AR,1674518877
440,igrim,63.1906,64.4162,-13.6,96,79,1.98,RU,1674518877
441,salamiyah,35.0113,37.0532,9.0,71,0,0.77,SY,1674518878
442,puro,12.4841,123.3827,25.2,86,99,5.68,PH,1674518878
443,oytal,42.9057,73.2697,-12.25,77,6,1.8,KZ,1674518878
444,tyukhtet,56.5389,89.3011,-11.8,93,100,4.64,RU,1674518879
445,gizo,-8.103,156.8419,28.7,70,81,3.11,SB,1674518880
446,puerto cabezas,14.0351,-83.3888,24.24,87,5,3.65,NI,1674518880
447,atbasar,51.8,68.3333,-19.79,100,73,2.44,KZ,1674518880
448,kamenskiy,50.8855,45.488,-11.78,80,55,0.64,RU,1674518881
449,santa isabel do rio negro,-0.4139,-65.0192,23.82,90,99,1.02,BR,1674518881
450,abu zabad,12.35,29.25,19.37,26,26,5.88,SD,1674518882
451,dom pedrito,-30.9828,-54.6731,29.95,23,61,4.77,BR,1674518882
452,port hedland,-20.3167,118.5667,28.03,65,29,9.26,AU,1674518883
453,zhanaozen,43.3,52.8,-2.5,54,0,3.81,KZ,1674518884
454,santiago,-33.4569,-70.6483,25.7,39,0,7.72,CL,1674518697
455,korla,41.7597,86.1469,-16.0,91,40,2.38,CN,1674518884
456,khasan,42.4308,130.6434,-21.0,58,1,10.17,RU,1674518885
457,tautira,-17.7333,-149.15,24.2,87,100,4.98,PF,1674518885
458,camana,-16.6228,-72.7111,23.0,80,45,1.89,PE,1674518886
459,wallaceburg,42.593,-82.3885,0.57,81,90,2.68,CA,1674518886
460,bud,39.447,-86.1758,0.01,84,11,2.93,US,1674518887
461,gladstone,-23.85,151.25,27.96,61,75,4.12,AU,1674518887
462,kampot,10.6167,104.1833,24.03,78,96,1.1,KH,1674518888
463,iraquara,-12.2486,-41.6194,20.74,93,95,0.23,BR,1674518888
464,pacific grove,36.6177,-121.9166,15.97,48,0,3.09,US,1674518889
465,champerico,14.3,-91.9167,27.01,71,2,3.41,GT,1674518889
466,muros,42.7762,-9.0603,7.83,69,3,9.63,ES,1674518890
467,sokoni,-6.4333,39.55,26.62,83,100,4.48,TZ,1674518890
468,ardabil,38.2498,48.2933,-4.56,86,67,0.7,IR,1674518891
469,mareeba,-17.0,145.4333,28.58,74,19,2.24,AU,1674518891
470,tombouctou,20.0,-3.0,19.12,15,0,3.9,ML,1674518891
471,skibbereen,51.55,-9.2667,8.95,92,40,1.2,IE,1674518892
472,srednekolymsk,67.45,153.6833,-31.01,92,100,1.8,RU,1674518892
473,chapais,49.7834,-74.8492,-6.35,93,100,3.4,CA,1674518893
474,biltine,14.5333,20.9167,21.85,11,90,3.82,TD,1674518894
475,banda aceh,5.5577,95.3222,24.38,83,88,4.37,ID,1674518894
476,lavrentiya,65.5833,-171.0,-26.01,94,52,5.18,RU,1674518895
477,saint-francois,46.4154,3.9054,1.69,80,100,3.09,FR,1674518632
478,cam ranh,11.9214,109.1591,24.98,78,20,7.72,VN,1674518790
479,ihosy,-22.4,46.1167,20.05,98,100,3.25,MG,1674518896
480,lashio,22.9333,97.75,7.39,55,63,1.02,MM,1674518896
481,angoche,-16.2325,39.9086,23.96,92,100,4.42,MZ,1674518896
482,nortelandia,-14.4547,-56.8028,23.23,94,99,1.78,BR,1674518897
483,cahors,44.4167,1.3333,-2.34,91,60,2.07,FR,1674518897
484,sabha,27.0377,14.4283,13.35,25,0,4.31,LY,1674518898
485,baiao,-2.7906,-49.6717,22.84,97,74,1.71,BR,1674518899
486,pilar,-9.5972,-35.9567,24.33,86,3,2.75,BR,1674518900
487,mpika,-11.8343,31.4529,15.4,99,100,1.66,ZM,1674518900
488,hirara,24.8,125.2833,17.41,79,90,18.27,JP,1674518901
489,matagami,49.7502,-77.6328,-2.94,74,100,4.63,CA,1674518901
490,suhbaatar,50.2314,106.2078,-34.87,95,95,0.73,MN,1674518902
491,joshimath,30.5667,79.5667,5.03,61,100,1.58,IN,1674518902
492,sola,-13.8833,167.55,27.19,74,99,3.9,VU,1674518903
493,jinchang,38.4953,102.1739,-13.31,31,0,3.54,CN,1674518903
494,caceres,39.522,-6.3748,1.07,77,0,2.14,ES,1674518904
495,novoagansk,61.9449,76.6625,-29.98,95,87,2.19,RU,1674518904
496,dingzhou,38.5131,114.9956,-13.48,15,0,3.98,CN,1674518904
497,sangar,63.9242,127.4739,-49.53,97,78,1.86,RU,1674518905
498,salcininkai,54.3,25.3833,-1.95,93,100,0.95,LT,1674518906
499,dickinson,29.4608,-95.0513,12.85,70,75,4.12,US,1674518906
500,dauphin,51.1494,-100.0502,-15.74,98,100,0.72,CA,1674518907
501,sabang,5.8933,95.3214,26.5,77,88,7.37,ID,1674518907
502,san roque,36.2107,-5.3842,8.46,57,1,1.54,ES,1674518907
503,kununurra,-15.7667,128.7333,28.99,79,95,2.06,AU,1674518908
504,berlevag,70.8578,29.0864,0.0,69,42,12.86,NO,1674518909
505,magrath,49.4167,-112.8686,-2.59,70,67,5.86,CA,1674518829
506,vangaindrano,-23.35,47.6,24.21,93,100,6.17,MG,1674518909
507,turayf,31.6725,38.6637,8.2,69,0,3.6,SA,1674518910
508,roald,62.5833,6.1333,8.52,87,100,8.23,NO,1674518910
509,chaman,30.9236,66.4512,-0.27,71,6,0.74,PK,1674518910
510,kloulklubed,7.0419,134.2556,25.28,83,91,7.43,PW,1674518911
511,ocampo,21.65,-101.5,18.27,23,34,6.51,MX,1674518714
512,indianola,41.3581,-93.5574,-1.08,81,74,3.13,US,1674518912
513,kirakira,-10.4544,161.9205,27.4,82,98,3.29,SB,1674518912
514,sept-iles,50.2001,-66.3821,-9.97,88,78,2.54,CA,1674518823
515,saint-pierre,-21.3393,55.4781,23.28,88,0,2.06,RE,1674518913
516,sobolevo,54.4299,31.8996,-0.4,90,100,0.95,RU,1674518913
517,police,53.5521,14.5718,0.18,82,15,0.89,PL,1674518914
518,visby,57.6409,18.296,-1.21,86,100,6.69,SE,1674518914
519,placido de castro,-10.3353,-67.1856,23.16,87,97,1.48,BR,1674518915
520,dorado,18.4588,-66.2677,25.94,78,53,4.0,PR,1674518915
521,matay,28.419,30.7792,13.02,88,0,4.77,EG,1674518916
522,saldanha,-33.0117,17.9442,17.21,85,4,3.14,ZA,1674518916
523,laiwu,36.1928,117.6569,-13.85,20,44,5.27,CN,1674518916
524,waipawa,-41.4122,175.5153,15.32,65,59,3.01,NZ,1674518917
525,dudinka,69.4058,86.1778,-36.36,98,7,1.22,RU,1674518917
526,caravelas,-17.7125,-39.2481,26.07,85,100,4.93,BR,1674518918
527,nantucket,41.2835,-70.0995,1.19,98,100,8.23,US,1674518646
528,poum,-20.2333,164.0167,27.16,78,49,2.52,NC,1674518918
529,nicoya,10.1483,-85.452,26.84,61,29,3.66,CR,1674518919
530,candelaria,13.9311,121.4233,26.33,85,76,2.9,PH,1674518919
531,santo domingo,18.5001,-69.9886,25.58,79,2,0.89,DO,1674518920
532,kumluca,36.3703,30.2869,14.14,55,0,2.03,TR,1674518920
533,shizuishan,39.2333,106.7694,-19.01,60,0,3.98,CN,1674518920
534,adelaide,-34.9333,138.6,26.9,51,0,2.06,AU,1674518834
535,mount vernon,40.9126,-73.8371,3.56,75,100,10.29,US,1674518696
536,ryotsu,38.0833,138.4333,3.16,92,100,4.93,JP,1674518921
537,barguzin,53.6167,109.6167,-35.58,86,80,2.2,RU,1674518922
538,piacabucu,-10.4056,-36.4344,26.19,82,2,5.07,BR,1674518922
539,kysyl-syr,63.8986,122.7617,-36.3,99,100,1.47,RU,1674518923
540,tanout,14.9709,8.8879,20.65,14,62,4.13,NE,1674518923
541,todos santos,23.45,-110.2167,24.06,72,21,3.23,MX,1674518923
542,bela vista,-22.1089,-56.5211,21.9,92,91,2.27,BR,1674518830
543,svecha,58.2785,47.5164,-11.51,98,100,1.43,RU,1674518924
544,gornopravdinsk,60.05,69.9,-19.97,100,84,1.42,RU,1674518924
545,pangoa,-12.1167,-73.0,20.87,98,94,0.7,PE,1674518925
546,abalak,58.1286,68.5944,-15.77,97,83,2.71,RU,1674518925
547,bose,45.4612,8.0137,5.42,93,100,2.6,IT,1674518926
548,pangkalanbuun,-2.6833,111.6167,24.53,94,100,1.05,ID,1674518926
549,porto empedocle,37.2934,13.5264,9.2,67,37,1.93,IT,1674518927
550,sambava,-14.2667,50.1667,23.9,87,100,1.56,MG,1674518927
551,tromso,69.6496,18.957,0.01,74,75,7.2,NO,1674518928
552,new ulm,44.3125,-94.4605,1.35,88,0,5.14,US,1674518928
553,zhuhai,22.2769,113.5678,13.88,67,40,12.86,CN,1674518929
554,zell am see,47.3256,12.7944,2.06,49,97,2.19,AT,1674518929
555,ketchikan,55.3422,-131.6461,8.26,76,75,0.0,US,1674518930
556,rocha,-34.4833,-54.3333,16.67,76,0,2.03,UY,1674518930
557,olecko,54.0337,22.507,-0.34,85,100,1.08,PL,1674518930
558,galdar,28.147,-15.6502,17.28,67,64,6.7,ES,1674518931
559,acarau,-2.8856,-40.12,25.71,82,79,4.1,BR,1674518817
560,vao,-22.6667,167.4833,26.03,83,93,2.28,NC,1674518932
561,marzuq,14.4,46.4667,14.87,72,3,1.22,YE,1674518932
562,komarikhinskiy,58.0979,57.1163,-18.97,100,100,1.24,RU,1674518933
563,shelburne,44.0787,-80.2041,-1.16,91,71,6.47,CA,1674518933
564,bramming,55.4695,8.7001,1.36,80,75,2.06,DK,1674518934
565,carbonia,39.1672,8.5222,5.56,83,99,4.13,IT,1674518934
566,grand gaube,-20.0064,57.6608,24.1,79,100,1.34,MU,1674518934
567,malanje,-9.5402,16.341,16.36,98,98,1.77,AO,1674518935
568,orissaare,58.5592,23.0826,0.54,87,33,5.63,EE,1674518936
569,tynda,55.1667,124.7167,-33.96,94,100,1.53,RU,1674518936
570,santa maria,-29.6842,-53.8069,28.85,33,61,2.41,BR,1674518936
571,laguna,38.421,-121.4238,17.16,28,0,7.72,US,1674518937
572,jacareacanga,-6.2222,-57.7528,23.47,97,91,0.76,BR,1674518937
573,sweetwater,25.7634,-80.3731,23.34,75,75,3.6,US,1674518640
574,cognac,45.5,-0.25,2.88,70,100,4.12,FR,1674518938
575,liwale,-9.7667,37.9333,19.72,93,100,1.61,TZ,1674518939
576,okha,53.5739,142.9478,-28.67,94,100,7.61,RU,1674518939
577,aasiaat,68.7098,-52.8699,-12.32,96,100,3.44,GL,1674518939
578,troitsko-pechorsk,62.7084,56.1964,-12.17,93,83,2.42,RU,1674518940
579,elliot lake,46.3834,-82.6331,-3.25,89,100,5.29,CA,1674518941
580,shuiji,27.4214,118.345,5.78,88,80,1.86,CN,1674518941
581,byron bay,-28.65,153.6167,26.64,60,13,3.18,AU,1674518671
582,quelimane,-17.8786,36.8883,22.62,97,91,2.04,MZ,1674518942
583,weyburn,49.6668,-103.8511,-10.47,97,100,2.18,CA,1674518835
584,russell,32.3502,-85.1999,8.78,75,0,0.0,US,1674518943
